"","TF","target","importance"
"1","JUN","HSPA1B",129.081280523332
"2","KLF2","RPS26",112.835139790814
"3","JUN","DNAJB1",105.290825841811
"4","FOSB","FOS",102.515667926099
"5","JUN","HSPA1A",102.211138032448
"6","ZNF90","RPS16",90.8706747693977
"7","FOS","FOSB",87.1084438030003
"8","FOS","DUSP1",69.2274840592878
"9","JUNB","RPS26",67.3400707191325
"10","FOS","JUNB",63.1116343281618
"11","KLF2","LTB",62.9812542060383
"12","JUNB","ZFP36",62.0233330628822
"13","JUNB","JUN",60.5887995839738
"14","KLF2","MALAT1",58.7925857890673
"15","JUNB","BTG2",57.9942906453522
"16","KLF2","SELL",57.5618426673218
"17","JUN","JUNB",56.3959451864754
"18","ETS1","RPS26",55.4671328369381
"19","KLF2","SOCS3",53.9934820637085
"20","FOS","KLF6",53.1686613529006
"21","JUNB","FOS",51.8446731194093
"22","KLF2","BIRC3",51.2377472855352
"23","FOSB","JUN",50.405838492268
"24","KLF2","FLNA",49.1830671943497
"25","JUNB","CD69",48.8454830517256
"26","JUN","HSP90AA1",46.7820414797442
"27","KLF2","ETS1",46.7448856242767
"28","ELK3","CCL5",45.9828342489068
"29","KLF2","JUNB",45.4284215828909
"30","KLF2","MTRNR2L1",44.4991107786558
"31","KLF2","DNAJB1",43.028674370997
"32","JUN","FOSB",42.9367325416459
"33","JUN","DUSP1",42.6255021827012
"34","JUNB","TNFAIP3",42.595366708802
"35","FOS","JUND",42.5546093717973
"36","FOS","NFKBIA",41.959948336836
"37","JUNB","DUSP1",41.7754604309874
"38","JUNB","KLF2",41.6726136485102
"39","KLF3","KLF2",41.6412344524075
"40","JUNB","ZFP36L2",41.1117085722795
"41","EGR1","FOSB",40.7562901326464
"42","JUN","UBC",40.7159810517065
"43","FOSB","DUSP1",39.8911439815686
"44","FOS","JUN",39.8690656300667
"45","KLF6","FOS",37.2246135817133
"46","JUNB","DUSP2",37.0116340257672
"47","KLF2","LITAF",36.7447261309226
"48","FOXP3","CTLA4",36.4966746113109
"49","JUN","FOS",36.0702961640688
"50","JUNB","DNAJB1",35.8634143388695
"51","KLF2","PFN1",35.578881472191
"52","KLF2","FAM65B",35.4556288723735
"53","JUN","ZFP36",35.0511788984574
"54","EGR1","JUN",34.3459180374145
"55","ETS1","TMSB4X",34.3327691110188
"56","FOS","CD69",33.6686750929999
"57","JUNB","PNRC1",32.4064417621548
"58","KLF2","HLA.C",31.5830957685096
"59","ETS1","HLA.C",31.3039887362781
"60","EGR1","FOS",31.1796018881631
"61","FOSB","JUND",30.7303751678282
"62","KLF6","DUSP1",30.6286566288766
"63","JUND","FOS",30.3555108659327
"64","EOMES","GZMK",30.2983466320741
"65","JUN","EGR1",29.902548848372
"66","JUNB","CXCR4",29.737934054496
"67","KLF2","LDHB",29.6801524299889
"68","JUND","EEF1A1",29.5628136076729
"69","FOXP3","PMAIP1",29.1031646245107
"70","JUNB","SOCS3",29.0516252058611
"71","KLF6","TSC22D3",28.6299101705034
"72","KLF2","PIM1",28.3836245113872
"73","JUN","JUND",28.2595835023163
"74","FOS","ZFP36",28.1674873416096
"75","KLF2","BTG2",27.5127353839501
"76","ETS1","AHNAK",27.485987782747
"77","JUN","CD69",27.412763697766
"78","FOS","EGR1",26.7733265793352
"79","LEF1","SELL",26.757168897079
"80","ETS1","KLF2",26.7562864126345
"81","KLF2","CD74",26.5976896126668
"82","CREM","DUSP4",26.5116821616359
"83","ETS1","HLA.A",26.0649187668427
"84","JUN","CXCR4",25.9536479747541
"85","FOXP3","DUSP4",25.515376405118
"86","JUND","RPS3A",25.4644209834883
"87","KLF6","VIM",25.3950052704396
"88","FOXP3","TIGIT",25.3086383723222
"89","JUND","TSC22D3",25.2429081279671
"90","ZNF286A","ZNF286B",25.2318806700703
"91","JUNB","H3F3B",24.7796542850183
"92","FOSB","EGR1",24.7388078420527
"93","FOS","TSC22D3",24.5257613144176
"94","KLF2","ARL4C",24.305378060139
"95","JUNB","SLC2A3",24.300251773278
"96","ETS1","MT.CO1",23.8872988305041
"97","JUND","DUSP1",23.8615105849574
"98","FOS","TNFAIP3",23.2797406361785
"99","FOSB","KLF6",22.9947302454368
"100","JUN","RPL35",22.7174408071431
"101","PRDM1","TXNIP",22.6865043069125
"102","JUND","KLF6",22.6853484253641
"103","FOS","PPP1R15A",22.6853300701706
"104","JUND","ANXA1",22.5145051788267
"105","JUNB","ETS1",22.5048827881556
"106","ETS1","SRGN",22.2526631256212
"107","JUNB","HSPA8",22.2206504824682
"108","KLF2","MCL1",22.1531060940502
"109","JUNB","MCL1",22.1212343028122
"110","KLF2","HSPA1B",22.0264793165337
"111","ETS1","GAPDH",21.8893679281246
"112","STAT1","RPS26",21.6099459631245
"113","JUND","RPS23",21.4624636482101
"114","KLF6","JUND",21.4575008813879
"115","JUND","CD69",21.4409061457383
"116","FOS","GPR183",21.4362541353869
"117","ETS1","PFN1",21.3732492258039
"118","JUND","SRGN",21.2999222095418
"119","JUNB","SRGN",21.2950405729269
"120","JUN","IER2",21.2255952798989
"121","EOMES","CCL4",21.0046968242111
"122","KLF2","HSPA1A",20.9796874992828
"123","ETS1","MTRNR2L1",20.9447863978388
"124","FOXP3","LTB",20.9093137240101
"125","JUND","JUN",20.801215268051
"126","KLF2","RGCC",20.6721297495573
"127","KLF2","CCR7",20.5404513980107
"128","LEF1","KLF2",20.4696829069557
"129","KLF6","S100A4",20.4563913652396
"130","KLF6","FTH1",20.3597162693404
"131","FOS","MCL1",20.2882038608155
"132","KLF2","MYH9",20.2642400155131
"133","ETS1","GNAI2",20.1216614870797
"134","ETS1","RPL6",19.9763255961539
"135","KLF6","ANXA1",19.9367453563204
"136","JUND","FOSB",19.8372440337569
"137","FOS","BTG2",19.8251842914072
"138","ETS1","S100A4",19.7947155020129
"139","EOMES","DUSP2",19.7364150842077
"140","FOSB","TSC22D3",19.6913454166235
"141","EOMES","GZMA",19.5779298127712
"142","KLF6","MYADM",19.5198647838653
"143","JUN","BTG2",19.3144413284045
"144","FOSB","PPP1R15A",19.2228899833905
"145","FOXP3","RGS1",19.1455722491539
"146","JUNB","JUND",18.978821912996
"147","JUNB","HSPA1B",18.9276983369197
"148","KLF2","MT.ND4",18.9147717715353
"149","ETS1","HNRNPA1",18.913345608573
"150","JUNB","PPP1R15A",18.8543466572509
"151","JUND","UBC",18.828565935457
"152","FOXP3","TNFRSF18",18.7281333429603
"153","ETS1","SARAF",18.6238516940234
"154","JUN","RPS26",18.5568558435886
"155","ETS1","AES",18.5380611566721
"156","PRDM1","HLA.C",18.4797916360816
"157","KLF2","ITGB2",18.2025075486785
"158","KLF2","HLA.E",18.1982710956689
"159","KLF2","SYNE2",18.1096525576261
"160","KLF2","SAMHD1",18.0978538106264
"161","BATF","CCL5",18.0195230574771
"162","JUN","HSPE1",17.9218164815702
"163","JUND","ZFP36",17.9060450184695
"164","FOS","SRGN",17.8874661844023
"165","ETS1","BIRC3",17.7400138779082
"166","EOMES","CST7",17.6334173846004
"167","PRDM1","RPS26",17.6299428702812
"168","KLF2","MYADM",17.5460786063108
"169","JUN","RPL41",17.540480941788
"170","ETS1","TMSB10",17.3642441145956
"171","KLF2","SLC2A3",17.3204969061224
"172","KLF2","TMSB10",17.2687648791457
"173","JUNB","PIK3R1",17.2613672709712
"174","JUNB","MALAT1",17.234438918572
"175","ETS1","IL32",17.0694551607967
"176","ETS1","MALAT1",16.9221383251683
"177","KLF2","RPS18",16.7643771852308
"178","ETS1","MT.ND5",16.749800861844
"179","ETS1","SAMHD1",16.7477108101963
"180","LEF1","LDHB",16.6900895887312
"181","JUN","DNAJA1",16.6722031126895
"182","FOXP3","GBP2",16.5670849891924
"183","JUND","JUNB",16.5045283396928
"184","JUNB","EIF1",16.4715918439288
"185","KLF2","MT.ND5",16.3439843953963
"186","ETS1","CFL1",16.3282078401884
"187","RORA","IL7R",16.2780646945866
"188","JUNB","NFKBIA",16.2721744052571
"189","JUND","RPL9",16.254716534707
"190","JUND","H3F3B",16.1569412456365
"191","FOSB","JUNB",16.1502449876067
"192","ETS1","YWHAZ",16.1287122268702
"193","STAT1","HSPA1B",16.0987535531725
"194","ETS1","JUNB",16.0922139703224
"195","KLF6","NFKBIA",16.0740330638315
"196","KLF2","VIM",16.051109970731
"197","ETS1","MT.ND1",16.0412668155619
"198","RUNX3","CCL5",15.9999280351364
"199","KLF6","AHNAK",15.9910973235154
"200","LEF1","CCL5",15.9376747763312
"201","KLF2","RPL4",15.9085909049188
"202","ETS1","ACTG1",15.8950653613418
"203","ETS1","PTPRC",15.8871036827138
"204","KLF7","SELL",15.801941076242
"205","KLF6","MCL1",15.5671089333835
"206","JUND","TAGLN2",15.5437433736343
"207","JUNB","HLA.C",15.5433383979173
"208","JUND","RPS20",15.4847882845616
"209","KLF2","TNFAIP3",15.3648772698511
"210","JUND","DNAJB1",15.2856781407984
"211","JUND","MYADM",15.2343181498841
"212","JUN","UBB",15.2145344168836
"213","JUN","RPS16",15.1869398451124
"214","ETS1","MYH9",15.1759413053344
"215","JUNB","RGCC",15.172087091122
"216","KLF2","EEF2",15.1672195173786
"217","JUND","ARHGDIB",15.0681916464304
"218","TBX21","GNLY",15.008628386613
"219","LEF1","SOCS3",14.9846790602133
"220","FOXP3","CCL5",14.8634433729602
"221","KLF2","HSPA8",14.8082760821423
"222","JUND","ADGRE5",14.7979638235438
"223","JUN","HSPB1",14.7414726105111
"224","IRF1","BTG2",14.7414519439663
"225","EOMES","TPT1",14.6201234002038
"226","JUND","RPL5",14.6080737265956
"227","ETS1","PBXIP1",14.5707009963676
"228","ETS1","AC090498.1",14.5233077200676
"229","ZNF90","RPL35",14.4067949919044
"230","JUND","PPP1R15A",14.2999304689584
"231","JUND","RPL41",14.2945715198564
"232","KLF6","TMSB10",14.2700476131661
"233","KLF2","ANXA1",14.2633810441513
"234","KLF2","TAGLN2",14.2515500945264
"235","KLF2","PTPRC",14.2431059766156
"236","CREM","TIGIT",14.1421752300133
"237","JUN","RPL28",14.0691100038093
"238","ETS1","ADGRE5",14.033946897371
"239","KLF6","RGCC",14.0030201800163
"240","ETS1","TXNIP",13.9645980050872
"241","JUNB","CSRNP1",13.8989709890393
"242","ETS1","MCL1",13.8908318228651
"243","JUND","S100A4",13.8541527560519
"244","ZNF90","RPS11",13.8527056977171
"245","ZNF14","PTK2B",13.8056925392019
"246","JUNB","FOSB",13.7903227585478
"247","ETS1","ACTB",13.7540940344623
"248","JUN","RPS11",13.7238492520492
"249","JUN","CTD.2192J16.22",13.6693560813847
"250","FOXP3","YWHAB",13.6048243205711
"251","ELK3","CD8A",13.4533008436906
"252","ETS1","RPSA",13.4526635054543
"253","FOS","CITED2",13.40598909378
"254","ZNF90","RPL18A",13.4042063849593
"255","RUNX3","DUSP2",13.3884090468359
"256","TFCP2","REXO1",13.3208239005297
"257","GTF3A","TAOK1",13.3166106036939
"258","JUNB","SELL",13.261417605042
"259","ZNF90","RPL22",13.2603157009975
"260","JUNB","IER2",13.2514609802263
"261","JUN","RPL19",13.2240615471877
"262","KLF2","GZMK",13.1683186904816
"263","JUNB","HSP90AA1",13.1619127281972
"264","KLF6","LMNA",13.0808906899535
"265","KLF6","CRIP1",12.9989726763531
"266","JUN","RPS23",12.9933185460171
"267","ZBTB33","EID1",12.9153199026139
"268","ETS1","DDX5",12.884231826351
"269","FOXP3","UCP2",12.8600735821444
"270","ETS1","TRBC2",12.8063579640372
"271","JUND","HSPA8",12.7805498858945
"272","ETS1","EIF1",12.7378548483388
"273","JUND","RPL34",12.7005843533097
"274","FOS","ANXA1",12.6679325923662
"275","STAT1","CD74",12.6537697958177
"276","ETS1","EEF2",12.652592043008
"277","ETS1","RHOA",12.6123252455837
"278","KLF2","LEF1",12.5799235382302
"279","JUN","KLF6",12.5704998886498
"280","JUND","RPL27",12.5295170592274
"281","ETS1","EEF1A1",12.5151027989769
"282","KLF2","RPS27",12.5115979485461
"283","JUND","MCL1",12.4585843292952
"284","JUN","KLF2",12.4554448460312
"285","KLF6","IL32",12.4509382223273
"286","JUN","RPS3A",12.3750361676932
"287","RARA","APC",12.3629300816714
"288","JUND","RPSA",12.3338112886303
"289","FOS","KLF2",12.2905350219397
"290","KLF7","MTRNR2L1",12.2838548235012
"291","KLF2","YWHAB",12.2786969166495
"292","KLF2","FOS",12.2574342645759
"293","KLF6","CD44",12.2570863968927
"294","REL","CD74",12.2338056739574
"295","JUNB","HLA.A",12.2120184297016
"296","JUNB","RPS18",12.1954664732853
"297","STAT1","HSPA1A",12.170224615559
"298","NFATC1","SNX5",12.1606412850168
"299","PPARD","PDE6B",12.129773715093
"300","ZNF90","CTD.2192J16.22",12.1292815681661
"301","FOXP3","CD74",12.10903170127
"302","ETS1","CD44",12.0871657562036
"303","KLF2","HLA.A",12.0805611586094
"304","ZNF33A","GNLY",12.0425331114896
"305","NFE2L3","TPPP",12.0067053675068
"306","FOXP3","TNFRSF4",12.0032030503961
"307","KLF2","JUN",11.9636248091712
"308","ZBTB7A","STRAP",11.9578621394477
"309","FOXP3","HSPA1A",11.9148910194212
"310","ZNF90","RPL21",11.9148747174463
"311","THRA","NUDCD3",11.8513958721238
"312","JUN","RPS12",11.7688065740019
"313","JUNB","BIRC3",11.7685693595825
"314","ZNF90","RPS5",11.7421546021557
"315","JUNB","CD44",11.7400644277068
"316","E2F4","RELL2",11.7173810398404
"317","ATF3","HSPA1B",11.6899224586757
"318","JUND","MT.CO1",11.6553365251507
"319","KLF2","AES",11.6266238071553
"320","FOXP3","IL32",11.6249211560024
"321","KLF2","HSP90AA1",11.5997740281152
"322","JUND","PFN1",11.5890221737842
"323","RAD21","RNPEP",11.5712988350719
"324","MAF","GZMA",11.5638776111788
"325","JUND","RPL7A",11.5490927311519
"326","FOSB","CD69",11.5271132774493
"327","ETS1","SH3BGRL3",11.5255851372395
"328","JUN","BTG1",11.5097729147304
"329","JUND","RPL19",11.4655306084781
"330","NFKB1","TNFAIP3",11.4648974702648
"331","JUN","CYTIP",11.4527219426952
"332","JUND","ZFP36L2",11.4455863958835
"333","FOS","MIR24.2",11.4446225211769
"334","ETS1","S100A10",11.4434321662814
"335","GTF3A","S100A10",11.3849614759707
"336","FOXP3","IKZF4",11.3696124279909
"337","JUND","RPL15",11.3580236253252
"338","JUN","NFKBIA",11.3443761978887
"339","JUND","RPL23",11.3301793168236
"340","JUNB","CD74",11.2990465030254
"341","KLF2","LRRFIP1",11.1872659424686
"342","NFKB2","TNFRSF4",11.1667983246804
"343","FOSB","ANXA1",11.1638844134895
"344","KLF6","FYB",11.1470791652372
"345","NFKB1","KLF2",11.1058093141714
"346","PRDM1","DDX5",11.0867913087537
"347","ETS1","RPS18",11.0824470994777
"348","KLF2","SARAF",11.048438409528
"349","JUN","EEF2",11.0472029061754
"350","JUNB","LITAF",11.0398261849441
"351","FOS","EEF1B2",11.0179791409445
"352","JUND","NACA",11.0110016015318
"353","ETS1","FLNA",10.9944238756663
"354","IKZF1","FTH1",10.9892170180589
"355","JUNB","CYTIP",10.9861572146385
"356","JUND","NFKBIA",10.9696582077849
"357","FOXP3","TNFRSF1B",10.9398323588262
"358","ATF3","DNAJB1",10.9364730384542
"359","JUND","RPS2",10.9271850331639
"360","JUN","RPL18",10.9120535464394
"361","IRF3","HLA.B",10.9116218796744
"362","JUN","DUSP2",10.8854023846027
"363","JUND","MT.ND5",10.8801078991398
"364","JUN","HSPA8",10.8622155895092
"365","KLF13","EIF4G3",10.8479496406016
"366","JUN","RGS1",10.8416540801773
"367","TBX21","ARF1",10.8164521977779
"368","KLF2","LMNA",10.8112650856263
"369","ETS1","ACTR3",10.7932907989617
"370","IRF1","RGCC",10.7737755930319
"371","KLF2","UBB",10.7407249534277
"372","KLF6","TAGAP",10.6635124423207
"373","KLF2","PIK3R1",10.6539702518742
"374","ETS1","ARL4C",10.6306260873437
"375","RORC","CCL5",10.6297821828652
"376","ZNF33A","IRF1",10.618155651492
"377","FOS","RPL4",10.617799341164
"378","JUNB","HSP90AB1",10.6079596585627
"379","FOXP3","TBC1D4",10.6014344388715
"380","EGR1","NR4A1",10.5350920946435
"381","ETS1","CD74",10.5345837528421
"382","FOXP3","CD177",10.5179055756094
"383","JUND","IL32",10.5145242333341
"384","SMARCC2","CTSA",10.4694034148678
"385","HMGB1","TMSB4X",10.4521359059271
"386","FOXP3","IL2RA",10.431283858817
"387","JUNB","GAPDH",10.4231152953628
"388","JUND","CLIC1",10.4023414575027
"389","KLF2","KLF3",10.3977058524208
"390","KLF2","RACK1",10.3845122971035
"391","JUN","MTRNR2L1",10.3600676330394
"392","RARA","SEC31A",10.2455506893118
"393","STAT1","MALAT1",10.2431445364822
"394","ETS1","COX4I1",10.2327749617279
"395","JUND","RPS15A",10.2153506768242
"396","JUNB","DNAJA1",10.2075685545968
"397","ETS1","CD53",10.1847350350452
"398","KLF2","ITGA1",10.1795702734953
"399","ETS1","TMEM123",10.1607811387936
"400","MAF","PBXIP1",10.1553960187271
"401","ETS1","FAU",10.1457286975031
"402","ZNF230","CENPT",10.1431580003946
"403","FOXP3","HSPB1",10.1424430075803
"404","ETS1","RPL18A",10.1242208511978
"405","JUNB","HSPA1A",10.1082130376102
"406","ETS1","SYNE2",10.102550826481
"407","FOSL2","JUNB",10.0880605340385
"408","SATB1","SORL1",10.0819606288373
"409","JUNB","CITED2",10.064647923326
"410","ETS1","SERF2",10.0465958403778
"411","ETS1","OST4",10.0435553926958
"412","KLF2","IRF1",10.0382642177695
"413","JUNB","SARAF",10.0001995633254
"414","BATF","BIRC3",9.97277514200148
"415","JUNB","TSC22D3",9.96842370667943
"416","KLF2","HSP90AB1",9.96578906824731
"417","ETS1","OAZ1",9.9259119055973
"418","ETS1","IQGAP1",9.92500168502862
"419","KLF6","SRGN",9.89933815063341
"420","ETS1","MT.ATP6",9.88399754904834
"421","ETS1","TAGLN2",9.87859880534525
"422","STAT1","HLA.C",9.86614929228335
"423","KLF6","RPS16",9.84768106562187
"424","KLF2","MT2A",9.84632778976069
"425","KLF2","JUND",9.84575911486541
"426","KLF2","MT.ATP6",9.84152563863059
"427","ETS1","KLF6",9.83857289688136
"428","KLF2","NKG7",9.82907849679501
"429","CREM","SRGN",9.82799938886611
"430","JUNB","VIM",9.80473008006527
"431","PRDM1","ZFP36",9.77081840568125
"432","RELA","OGFRL1",9.74188134758903
"433","JUND","GNAI2",9.71337047830917
"434","SMARCC2","PRPS1",9.70418476768654
"435","JUND","RPL7",9.69615601910842
"436","CREM","ZFP36",9.69449457993266
"437","ETS1","FTH1",9.69143538157871
"438","ETS1","COTL1",9.67436700123979
"439","STAT1","PFN1",9.66884506854453
"440","ETS1","HLA.B",9.66283086110024
"441","KLF2","CALM1",9.65789182753729
"442","FOSB","GLTSCR2",9.64778227379544
"443","ETS1","NAP1L1",9.64369175168862
"444","KLF2","CD52",9.62917578458344
"445","JUN","PNRC1",9.61355173447413
"446","JUN","MT.ATP8",9.59169825102165
"447","FOXP3","HLA.DRA",9.58156549956401
"448","FOS","CCL5",9.57420532516984
"449","HINFP","PPIA",9.5622696403816
"450","HCFC1","UBE2K",9.51828372866986
"451","JUNB","UBB",9.51685592970532
"452","ETS1","PIK3IP1",9.51281903018126
"453","ETS1","RPL36",9.50659025475607
"454","JUND","PTPRC",9.497590318303
"455","KLF2","S1PR1",9.49398105186011
"456","KLF6","RPSA",9.4894088101774
"457","JUN","RPLP2",9.4789876044165
"458","JUND","NCL",9.47536906769724
"459","KLF2","AHNAK",9.46692547255218
"460","RUNX3","NACA",9.45404364118919
"461","SREBF1","ATP6V0B",9.44438847475165
"462","KLF2","CAPZB",9.43442296244754
"463","SIN3A","PPP1R12B",9.43174313868073
"464","CBFB","COTL1",9.42478865603365
"465","NR2C2","VAV3",9.41766959527951
"466","JUND","RPL6",9.39340359939621
"467","JUND","BTF3",9.39186827555829
"468","PRDM1","ZFP36L2",9.37190377629258
"469","HMGB1","EMB",9.34924339743675
"470","JUND","RPS24",9.32146321197282
"471","ZNF90","RPS21",9.3195012888999
"472","FOSL2","PFKFB3",9.29475162315653
"473","KLF2","FTH1",9.28820983699644
"474","ZNF331","JUNB",9.27103405960965
"475","JUN","PPP1R15A",9.26298665667327
"476","EGR1","IER2",9.21712992551958
"477","ARID3A","SMCHD1",9.20089693482555
"478","XBP1","UBC",9.1626990494352
"479","FOSB","NFKBIA",9.1565747087058
"480","JUND","RGCC",9.13055747357761
"481","ETS1","LTB",9.12643330547484
"482","KLF6","JUN",9.108259728793
"483","JUN","RPL38",9.09774930238097
"484","STAT1","HSPA8",9.08001756636334
"485","ETS1","H3F3B",9.06222613331645
"486","HOXB2","TIGIT",9.06024139536601
"487","JUND","TRBC2",9.04269991207598
"488","JUND","IER2",9.03059112490211
"489","KLF2","UCP2",9.02980493720426
"490","RUNX1","SAMHD1",9.02403150749636
"491","KLF2","GZMA",9.01943302709835
"492","JUNB","BTG1",9.01569421013027
"493","CREM","FTH1",9.0141723137306
"494","JUND","CCL4",9.01035961139709
"495","JUN","TNFAIP3",8.99862742394959
"496","ETS1","CCNI",8.99458933364912
"497","FOXP3","RPS26",8.96973172095838
"498","JUN","CCL4",8.92082134489555
"499","JUNB","RPS19",8.91803088780956
"500","JUND","RPL18A",8.89537903870627
"501","JUN","HSPA6",8.88750053543437
"502","ZNF90","TOMM7",8.87168575214687
"503","ERF","CASP2",8.86086419230927
"504","KLF2","ZFP36L2",8.85912966460841
"505","KLF2","YBX1",8.84385325261757
"506","JUNB","TXNIP",8.83968980229622
"507","CEBPD","KLRB1",8.81417727151955
"508","MAF","KLRD1",8.79743599316648
"509","FOSB","ARHGDIB",8.79609688221977
"510","FOSB","RPL15",8.78580940694132
"511","ZNF90","RPL6",8.77073759267651
"512","EOMES","HLA.B",8.75315098024969
"513","KLF6","DDX5",8.75219227764735
"514","DNMT1","PHTF1",8.74786375041042
"515","ETS1","EEF1D",8.7377892003727
"516","JUNB","RAC2",8.73373880101139
"517","JUNB","EIF4A2",8.73277723145136
"518","JUN","RPL37",8.72872513350242
"519","ETS1","CALM1",8.72721837155214
"520","RFX5","FXYD1",8.69117248181981
"521","ZNF121","RPS27",8.68454284775449
"522","BATF","PFKFB3",8.68361960460154
"523","FOXP3","IKZF2",8.66780557511739
"524","REL","RPS26",8.66052607908958
"525","JUN","RPL8",8.61825745942864
"526","JUND","RHOA",8.61035334953233
"527","JUNB","DDX5",8.60804424014469
"528","ETS1","MT.CO2",8.60721665178455
"529","KLF2","MT.CO2",8.60492845456018
"530","KLF2","RHOA",8.59666433669154
"531","JUND","KLF2",8.59341580876504
"532","FOXP3","RPS14",8.58573200305444
"533","RUNX3","ADGRE5",8.58359201826845
"534","RORC","KLRB1",8.57215945731018
"535","KLF2","EEF1D",8.55282562653462
"536","MAF","RPS14",8.53990416224732
"537","KLF2","ITK",8.50522415777819
"538","KLF6","FOSB",8.50206427042171
"539","JUNB","FTH1",8.49341684287892
"540","ZNF90","RPL41",8.49045676770018
"541","KLF6","TNFAIP3",8.48765034450309
"542","JUN","RPL10",8.4784435490072
"543","MAFK","EXOC3",8.45999116781307
"544","CNOT4","RP11.108M9.4",8.4556086098981
"545","JUNB","RPL18",8.45432812749519
"546","ZNF48","CTSA",8.42924631410706
"547","JUNB","PTMA",8.42149183691723
"548","EZH2","MALAT1",8.4212977827006
"549","KLF2","NFKB1",8.39916776172025
"550","ETS1","RPS24",8.39553218551306
"551","JUN","SLC2A3",8.39307528140077
"552","JUND","LCP1",8.3743295968197
"553","ETS1","CLIC1",8.36858811532358
"554","STAT1","LTB",8.36429077139204
"555","JUND","RGS1",8.361322085071
"556","ETS1","UCP2",8.36118672240554
"557","JUND","UBA52",8.3560372600373
"558","KLF2","NEAT1",8.34980118196299
"559","KLF2","SORL1",8.34685669567521
"560","KLF6","CD48",8.33801511237246
"561","STAT1","HSP90AA1",8.33259149702779
"562","MAF","RGS1",8.31575988206342
"563","REL","TNFAIP3",8.29550676214387
"564","FOXK2","TMBIM4",8.29547904491981
"565","ZEB1","PCNX2",8.28396832688704
"566","ZNF90","RPL29",8.28004657482632
"567","PRDM1","TSC22D3",8.27014358926282
"568","NPDC1","BIRC3",8.26476181413488
"569","KLF6","GAPDH",8.26463983306888
"570","JUND","ACTG1",8.2622691581882
"571","ELK3","KLRD1",8.26192692323422
"572","RUNX3","ZFP36",8.25786335775457
"573","ZNF90","RPS6",8.25217343099498
"574","ETS1","MT2A",8.23576036555053
"575","ETS1","EIF3L",8.23091673716283
"576","ETS1","VIM",8.22413857610707
"577","ZNF90","RPL24",8.21512546421395
"578","FOSB","MIR24.2",8.20294081828945
"579","JUND","HLA.A",8.19393702126362
"580","NR2C2","COPB1",8.19361049166753
"581","FOSB","ZFP36",8.18242450765379
"582","PRDM1","TNFAIP3",8.17563568670621
"583","ATF3","JUN",8.16885301263572
"584","FOS","CD8A",8.15886110954485
"585","JUND","RPS26",8.14014406870726
"586","MAF","HSPA8",8.12790069458715
"587","EOMES","RPL37",8.11897365637565
"588","ZNF90","RPL32",8.11059986618389
"589","STAT1","PTMA",8.09634302401301
"590","RUNX2","KLRB1",8.09391990016194
"591","HBP1","POMP",8.08263157715597
"592","FOXP3","LAIR2",8.07525188511742
"593","ETS1","S100A6",8.07399201695574
"594","NFE2L3","CRIP2",8.07231185584947
"595","IRF1","KLF2",8.04671252063117
"596","ZNF76","SLC9A1",8.0113203305143
"597","KLF2","EIF1",8.0078917413759
"598","FOXP3","SPOCK2",8.00141862854317
"599","KLF2","CNOT6L",7.99161165718983
"600","ZNF331","ZFP36",7.97345703964717
"601","HMGB1","SRSF2",7.94267395043974
"602","ZNF90","RPL23A",7.93035730206721
"603","JUN","RPL27",7.92852758102032
"604","JUNB","WIPF1",7.92418531757133
"605","ETS1","LMNA",7.9196621311551
"606","JUND","RPL13",7.90602281806165
"607","KLF6","IFITM2",7.89726856559531
"608","LEF1","COTL1",7.87491446262712
"609","NFE2L3","CSRNP1",7.87306938906778
"610","RUNX2","IL7R",7.87281610963625
"611","ETS1","RAC2",7.865128476735
"612","KLF6","TMSB4X",7.86373719220418
"613","MAX","B2M",7.85251763527079
"614","ETS1","FAM65B",7.85091080255229
"615","ODC1","SAMHD1",7.84936915984122
"616","PRDM1","RGS1",7.82369746198557
"617","PLAGL2","PHC3",7.81807751560953
"618","ZNF90","RPS15",7.81777596684303
"619","JUN","NR4A1",7.81642766738436
"620","FOSB","RPL7A",7.81062761438359
"621","JUNB","RPL6",7.78389468369987
"622","KLF2","MSN",7.77993771296429
"623","JUN","HSP90AB1",7.76695240664686
"624","JUND","PNRC1",7.76458955533138
"625","FOSB","RPS23",7.76326131881924
"626","FOS","KLRB1",7.75130471950797
"627","ZNF90","TPT1",7.75100725118146
"628","JUNB","UBC",7.74665671647299
"629","ETS1","YWHAB",7.73904387602093
"630","PLAGL2","RTKN2",7.7223656087749
"631","TFAP4","ALAD",7.72149398445015
"632","ZNF580","TP53I13",7.71206654252906
"633","GFI1","MT2A",7.70529842950622
"634","ETS1","ENO1",7.70439510957017
"635","KLF2","HLA.DQB1",7.70332064528467
"636","FOS","LTB",7.66848485336883
"637","IRF3","TMEM179B",7.666954187055
"638","ELF1","SOCS3",7.66679249697613
"639","KLF2","FAM107B",7.66131064443713
"640","LEF1","BIRC3",7.65783678991588
"641","THRA","YPEL5",7.650318309639
"642","KLF6","PTPRC",7.64973537575426
"643","MAFF","NKG7",7.641230649169
"644","JUND","TOMM7",7.63699399191653
"645","MAF","RPL34",7.63397260194204
"646","TCF3","NME3",7.63355336561415
"647","JUNB","RPS23",7.63134128924777
"648","JUND","RPL12",7.62409704382389
"649","ETS1","ANXA6",7.62156341705267
"650","KLF2","CD53",7.6060991866376
"651","ETS1","SRSF5",7.58613729980621
"652","RARA","S1PR1",7.57810307300333
"653","IKZF1","TXNIP",7.56778581125727
"654","JUNB","FAM65B",7.56687904230011
"655","MYC","ARL4C",7.56633253798872
"656","TAF7","SLC41A3",7.54262119058297
"657","JUN","RPS4X",7.53695438800806
"658","JUNB","SH3BGRL3",7.52927205691774
"659","KLF6","RPS29",7.50512605304279
"660","KLF6","EIF1",7.50108526223684
"661","ETS1","PABPC1",7.4945893491022
"662","ZNF580","ZC3H18",7.49423368396092
"663","KLF2","ARPC2",7.48543867079427
"664","JUN","RPL30",7.48432253614868
"665","KLF2","IER2",7.4656079060648
"666","PRDM1","MT.CO1",7.46167141452346
"667","JUN","SRSF7",7.46138059179421
"668","ETS1","TNFAIP3",7.45594273441762
"669","CERS2","COPB1",7.45105651870496
"670","JUN","RPL13",7.44169307345274
"671","NFKB1","SLC10A3",7.42460576091028
"672","BHLHE40","TNFAIP3",7.42099551963283
"673","TFDP1","HDLBP",7.41589562177206
"674","STAT1","TPT1",7.41104559078021
"675","ZNF529","COX20",7.40920212613888
"676","FOXP3","PIK3CA",7.40080399193815
"677","CREB3L4","TP53I11",7.40036210742108
"678","KLF2","EEF1A1",7.38837133496296
"679","ETS1","PTMA",7.37862430922185
"680","ZNF281","LRRFIP1",7.37459205006285
"681","JUN","EEF1D",7.37296202735917
"682","STAT1","RPS27",7.36829647646078
"683","MAF","CD74",7.3608280135638
"684","FOXP3","HLA.DQB1",7.36032835436437
"685","NFKB1","URGCP",7.35267796321533
"686","IKZF1","CELF2",7.35082964396225
"687","FOS","RGCC",7.34993623626684
"688","FOXP3","HSP90AA1",7.34938276271987
"689","KLF2","ANXA6",7.34582573630543
"690","KLF2","TMEM123",7.34192901362824
"691","ETS1","RPL15",7.33333261049515
"692","YY1","CCR7",7.32971357669162
"693","JUN","GPR171",7.32970795626433
"694","ELK3","CCL4",7.32368948299663
"695","ZNF778","CXORF23",7.32292152591977
"696","KLF6","PFN1",7.3195014423565
"697","FOS","TOB1",7.31704153985994
"698","KLF6","KLF2",7.31623917052931
"699","KLF2","KLF6",7.31608901607981
"700","BATF","COTL1",7.30124613462626
"701","CERS2","ZCCHC9",7.29073479246185
"702","ETS1","MYL6",7.28567574509899
"703","MAFK","REXO1",7.28308690797354
"704","JUND","AC090498.1",7.27622210641487
"705","JUNB","HLA.E",7.27533294078401
"706","TCF12","HLA.DQA1",7.27210715344107
"707","REL","HLA.E",7.26293968875642
"708","ZNF384","TRAPPC6B",7.25785477006823
"709","JUND","IL7R",7.24762721835976
"710","ETS1","HSPA8",7.24017151336173
"711","CNOT4","TMEM8B",7.23398913883005
"712","KLF2","PBXIP1",7.23228993408538
"713","FOS","RGS1",7.22859935113566
"714","BHLHE40","TAGLN2",7.22785965360844
"715","FOSB","EEF1A1",7.2271416301828
"716","FOXP3","BIRC3",7.22204437046232
"717","KLF2","ITGB1",7.20673418680318
"718","FOXO4","CTLA4",7.20658386892222
"719","TAF7","B2M",7.19870501055354
"720","ETS1","CAPZB",7.19611607706947
"721","FOSB","UBC",7.19125893750064
"722","KLF2","KBTBD6",7.18717558207996
"723","NR2C2","WASF2",7.18585566208443
"724","ATF3","HSP90AB1",7.17953540972616
"725","KLF2","RPSA",7.17111400276351
"726","XBP1","KAT2A",7.15296704301733
"727","FOSB","BTG2",7.13636117211683
"728","ETS1","EEF1B2",7.12926271936493
"729","KLF2","YWHAZ",7.12596571429105
"730","FOXP3","TRAC",7.12241574642073
"731","RUNX1","PMAIP1",7.10938631604255
"732","CREB3","SEL1L3",7.10070809446981
"733","KLF6","ARL8B",7.09770627848194
"734","JUN","RPS14",7.09240118464828
"735","PRDM1","TNFRSF9",7.08801783932887
"736","KLF2","TCF7",7.08361658688407
"737","FOXJ2","SORL1",7.08268173247579
"738","JUNB","CCR7",7.07399323574068
"739","ZNF90","RPL28",7.06852260013449
"740","ETS1","CD52",7.06848954733944
"741","KLF6","TRAC",7.05699498938427
"742","ETS1","RPL41",7.04635334750876
"743","ETS1","PPIA",7.04253349872094
"744","KLF2","ARPC1B",7.04106548070565
"745","FOSL2","CDKN1B",7.04098134238091
"746","FOS","MT.ATP8",7.03658461386671
"747","ELK4","CFLAR",7.03218958106946
"748","ETS1","RPL9",7.02432183882805
"749","JUNB","RPL4",7.02368148837913
"750","KLF6","TAGLN2",7.0061630534926
"751","FOSL2","MCL1",7.00235189766203
"752","ZNF33A","EID1",6.99729760598595
"753","ETS1","ITGB2",6.99599033545665
"754","THAP1","NELFCD",6.99367284583664
"755","IKZF1","TMSB10",6.98909130204832
"756","FOXJ2","PGLYRP2",6.98764092051264
"757","PBX3","COX20",6.98068680780617
"758","ETS1","MAF",6.96331474937412
"759","ETS1","BTF3",6.95293797134254
"760","ZNF90","RPL23",6.9517282876567
"761","ZBED1","ZNF778",6.95086553425182
"762","PRDM1","S100A4",6.94885731758386
"763","RUNX3","CCL4",6.94841017594432
"764","SATB1","GLTSCR2",6.94817347098068
"765","KLF2","CD44",6.94398568875395
"766","BATF","CD4",6.93765182202941
"767","CEBPD","GZMA",6.93377001061222
"768","NR3C1","AIM1",6.93181871914403
"769","JUNB","RPL37A",6.92826432963461
"770","FOSB","RPS20",6.92644021330826
"771","FOXN3","CIR1",6.92633125921495
"772","ZNF43","RUNX3",6.91641247756672
"773","FOSB","IER2",6.91396103119934
"774","KLF2","VMP1",6.91222293768601
"775","RUNX1","GSDMD",6.9056159116256
"776","KLF2","S100A10",6.90244569858909
"777","NFKB1","SOCS3",6.89212283191985
"778","HMGB2","H3F3B",6.88048525748867
"779","FOSL2","SLC35F6",6.87732917681481
"780","ETS1","MYL12A",6.87524549233463
"781","KLF6","ETS1",6.87194345146326
"782","KDM5A","RPL37",6.86595972669067
"783","RARA","MYADM",6.8652637403951
"784","BCL6","ARF1",6.85130560702658
"785","ATF6","GALK2",6.85109010014687
"786","FOSB","RPL41",6.8487829171578
"787","KLF2","UBALD2",6.83071820330098
"788","SP1","HLA.DPB1",6.82842419501519
"789","FOSB","NR4A2",6.82809957672465
"790","GABPB1","RPS25",6.82770467370075
"791","JUND","RPL3",6.82413842848721
"792","EGR1","SYVN1",6.81008527027984
"793","ETS1","HLA.E",6.78642859883792
"794","RORA","CHCHD10",6.7851760064088
"795","BCLAF1","RPL15",6.77891671829666
"796","CREM","PTPRC",6.77433650358516
"797","HMGB1","HLA.E",6.77278798363472
"798","ATF2","XCL2",6.7676369488281
"799","SMARCC2","SLC16A5",6.76057198181874
"800","JUND","RPS19",6.75611584621743
"801","HINFP","HSPE1",6.74916872642458
"802","RUNX1","RPS14",6.73783311231868
"803","JUNB","IL32",6.73724406645215
"804","LEF1","EIF3F",6.73438135071248
"805","ZNF778","SUPT20H",6.73319453932361
"806","FOXK2","CSRNP1",6.73228793864237
"807","JUNB","RPL41",6.73026446793455
"808","RFX7","CCR5",6.72899441064428
"809","ZNF90","RPL36",6.72572258318888
"810","ZNF331","BTG2",6.72511544997813
"811","ETS1","PTP4A2",6.71704673607332
"812","ETS1","PIK3R1",6.7160948866717
"813","BATF","TMSB10",6.71593029300787
"814","MAF","RPS27",6.70445067886777
"815","BACH1","HIKESHI",6.70352780367328
"816","HSF2","ARL8B",6.70195782796216
"817","FOS","DNAJB1",6.7016078928186
"818","JUNB","RPS21",6.68858094893714
"819","JUNB","TOB1",6.68637949742388
"820","ARNTL","SSR1",6.68532286204557
"821","ETS1","LAPTM5",6.67676586867385
"822","ETS1","B2M",6.67313983032121
"823","FOSB","TPT1",6.67119779399614
"824","EOMES","RPS11",6.66467638464555
"825","GTF3A","RPS18",6.64229510314922
"826","FOXP3","CD27",6.64138269442528
"827","STAT1","DNAJB1",6.63938176581962
"828","ETS1","UBB",6.63735861293677
"829","THRA","SP140",6.63627693376212
"830","IKZF1","FKBP5",6.63045569190728
"831","ELK3","RPL29",6.62702106736259
"832","LEF1","FXYD5",6.62029752141233
"833","TAF1","SPRY1",6.60833375591079
"834","FOSB","CXCR4",6.59900307388953
"835","CREM","JUNB",6.59849377887056
"836","ETS1","CORO1A",6.59668591773913
"837","FOS","HSP90AA1",6.59116072260894
"838","KDM5A","OXCT1",6.58642100357371
"839","JUN","RPL22",6.58485037151003
"840","ATF6","WIPF1",6.58094431446718
"841","ZNF48","CNOT1",6.57515239545645
"842","ZBTB7A","MT.ND4",6.56602815256819
"843","RBBP5","AGAP2",6.56129377713331
"844","MXD4","USP12",6.56123516131479
"845","JUN","RPL7A",6.56097387230484
"846","SP1","KPNA6",6.5605486968043
"847","JUNB","UBA52",6.55781361495391
"848","KLF2","ACTR2",6.55780350041718
"849","ETS1","MSN",6.55584866088891
"850","HMGB1","MT.ND5",6.55486173230724
"851","CUX1","CTLA4",6.54590918660536
"852","HINFP","NDUFS4",6.54222844445177
"853","CREM","DNAJB1",6.53546792318228
"854","KLF6","UBB",6.53217559726635
"855","MAF","RPS21",6.52800164241154
"856","EOMES","RPS27A",6.5266048446078
"857","JUNB","PIM1",6.52064212626475
"858","ETS1","RPLP2",6.51112286012265
"859","JUN","RPL34",6.50443202553254
"860","FOXP3","RPLP2",6.50088274962764
"861","JUNB","CSDE1",6.49263564579351
"862","PRDM1","ETS1",6.48858254871786
"863","JUNB","PIK3IP1",6.48508561905131
"864","FOXP3","RPS29",6.48412538288392
"865","JUNB","ARL4C",6.4759729737072
"866","HINFP","MCRIP2",6.47482044307446
"867","JUNB","YWHAZ",6.4596015739723
"868","ZNF90","RPL8",6.45929903202558
"869","ZBTB49","IRF1",6.45502776059698
"870","KLF6","SOCS3",6.44821528201587
"871","ZBTB22","YPEL5",6.44606589347114
"872","HMGB2","ZFP36L2",6.44394473446883
"873","ETS1","PCBP1",6.43430831252933
"874","JUND","RPL21",6.43330505675479
"875","FOXP3","TRBC2",6.42654212809539
"876","KLF2","CRIP2",6.42630778277794
"877","RUNX3","GZMK",6.42397583936746
"878","ZNF90","UQCRB",6.42330058392323
"879","KLF2","GNLY",6.41607258533005
"880","FOSL2","RGCC",6.41414461434485
"881","CBFB","PIM1",6.41160665389619
"882","JUNB","PBXIP1",6.41084646408579
"883","KLF6","MT.ND2",6.40936952041974
"884","JUND","SRSF5",6.40673856963941
"885","KLF2","MYL12A",6.40139029293834
"886","XBP1","GTPBP1",6.4005255389873
"887","STAT1","RGS1",6.39990623013639
"888","JUN","RPL21",6.39809077255063
"889","FOSB","TXNIP",6.39703557667353
"890","KLF2","CFL1",6.3964507748639
"891","POLR2A","LAMTOR4",6.39629565785517
"892","JUN","DUSP4",6.37720112737085
"893","EOMES","CCL5",6.37641080789826
"894","JUN","RPL23A",6.3746262110263
"895","GFI1","CASP7",6.37276177012201
"896","STAT5A","RNF214",6.37275599997976
"897","LEF1","COMMD6",6.36485187437741
"898","MXD4","TTC31",6.3601690107961
"899","JUND","RPL22",6.35704409997804
"900","JUND","CITED2",6.35494309453318
"901","PRDM1","ATP5E",6.34543049880823
"902","RUNX3","EHMT1",6.34070972670162
"903","KLF6","ARHGDIB",6.33765454670229
"904","ZNF71","NOP58",6.33735097726609
"905","JUND","RPL38",6.33413533168077
"906","KLF6","ADGRE5",6.33220685056671
"907","ETS1","RNF26",6.32819128085854
"908","REL","SAMSN1",6.32506994385584
"909","ERF","IFRD2",6.32121930523137
"910","FOSB","RPL23",6.31749046244401
"911","BCL3","SOCS3",6.30303710774446
"912","JUND","UBB",6.30258799296688
"913","CIC","EEFSEC",6.30061605846994
"914","VPS72","TAP1",6.29805242210247
"915","MAF","ETS1",6.29744995512727
"916","HDAC2","IL2RA",6.29568367994896
"917","FOSB","NACA",6.29490281339235
"918","MAF","CARD11",6.29398693405108
"919","JUNB","CTD.2192J16.22",6.27629136804778
"920","KLF2","SH3BGRL3",6.26826856579209
"921","GATA3","BIRC3",6.26807073672458
"922","HMGB2","YIPF1",6.26480112995913
"923","HCFC1","LAMTOR2",6.26003846882739
"924","KLF2","RPLP2",6.25847921712232
"925","JUNB","RPL32",6.24305801972817
"926","FOS","MYADM",6.24209628283509
"927","KLF2","ITM2A",6.23993474210146
"928","ZNF90","RPL38",6.23644559730833
"929","JUND","RPL11",6.23118223254957
"930","RFX3","PJA2",6.21591097505315
"931","HMGB1","RPS19",6.21433637653476
"932","JUN","UBA52",6.21411899611479
"933","ETS1","RPL12",6.21369215267552
"934","PRDM1","FYB",6.20228187759244
"935","RBPJ","CSDE1",6.20172583934748
"936","JUN","RPS8",6.20147517254714
"937","RUNX3","DDX17",6.19362321446447
"938","RBPJ","YPEL5",6.19269444949597
"939","ZNF90","RPS12",6.19147577483854
"940","GABPA","TRDC",6.17738754582476
"941","ELK3","RPL18",6.17730693204281
"942","FOXO1","COMMD6",6.17535847265107
"943","KLF6","RPL29",6.16956933034265
"944","EOMES","RPL32",6.16953281559665
"945","FOS","RPS4X",6.16928889556156
"946","ZFP64","RABL2A",6.1644518749512
"947","ZNF90","RPL18",6.15817105571372
"948","RB1","UBE2K",6.15668224354529
"949","KLF6","ARL4C",6.15572363017184
"950","SMARCC2","FNBP1",6.15170638534705
"951","MAFF","ITGAL",6.15117646182368
"952","FOXJ3","DAXX",6.15015763785946
"953","IRF1","JUNB",6.14746455072499
"954","ZBED1","CLIC1",6.14214262105657
"955","STAT5B","LTB",6.13994173285994
"956","TBX21","CCL5",6.13829539082216
"957","KLF6","H3F3B",6.13575143458961
"958","SMARCC2","ALAD",6.13388422750234
"959","FOXP3","HLA.A",6.13343625440556
"960","FOXP3","SELL",6.13054288839296
"961","FOXK2","RPL19",6.12205202538073
"962","ZNF90","RPL37A",6.12065293961447
"963","RFX1","PACS1",6.11623488673631
"964","PRDM1","HLA.A",6.11224303452568
"965","STAT1","TAGLN2",6.11047604533908
"966","ZNF677","DNAJC4",6.10483917394057
"967","ELF4","ADCY7",6.10455074986562
"968","PLAGL2","ZHX2",6.10361865407276
"969","JUNB","TRBC2",6.08996197481065
"970","JUND","OAZ1",6.0891945026589
"971","ELF1","FTH1",6.08783455480242
"972","NFE2L1","CCDC142",6.08141780814386
"973","BPTF","INF2",6.07422487179549
"974","ETS1","FAM107B",6.07228467471698
"975","JUND","RPL30",6.06957970800096
"976","ETS1","RPL4",6.06678572342154
"977","JUND","TNFAIP3",6.06525100213015
"978","JUND","ACTB",6.05282452212984
"979","ARNT","GATAD2B",6.05238308516124
"980","DUS3L","EI24",6.05142921395446
"981","JUND","RPL35A",6.03071964157157
"982","RORA","MT.ND1",6.02634502725687
"983","BRF2","TCF3",6.02586190065844
"984","NR1D1","ZBTB7B",6.0238564420017
"985","PBX3","SLC10A7",6.02207867684156
"986","JUN","RPS15",6.01651244292078
"987","JUN","SOCS3",6.01265678088883
"988","ETS1","RPS17",6.01106794459275
"989","CHD2","PPP1R15A",6.01093216044351
"990","EGR1","PPP1R15A",6.00793478086072
"991","ERF","SAMHD1",6.00652830116101
"992","STAT4","PRR7",6.00443598819993
"993","ETS1","AIM1",6.00288116744379
"994","ETS1","ANXA1",5.99480758726576
"995","POU6F1","CST7",5.99459899851769
"996","JUN","TSC22D3",5.98440735626427
"997","FOSL2","ZFP36",5.97581380527784
"998","FOXO3","SRSF5",5.97541659645548
"999","MAFK","PIM1",5.97236212070878
"1000","ETS1","RPS21",5.96681455487311
"1001","ATF4","NCOA6",5.965393265516
"1002","SATB1","RPL12",5.96262501879239
"1003","JUNB","TMBIM6",5.95897454217156
"1004","IRF1","ZNF33A",5.95537035386588
"1005","JUNB","RGS1",5.95441093941659
"1006","RUNX3","PNRC1",5.93627498924905
"1007","KLF2","EIF4B",5.93007068834222
"1008","KLF2","SMCHD1",5.9259134221948
"1009","KLF6","NEAT1",5.92494745643403
"1010","KLF2","IL2RG",5.9184821769711
"1011","LEF1","LTB",5.91403955233027
"1012","ETS1","HNRNPDL",5.89675673893421
"1013","JUN","C1ORF174",5.89024875259553
"1014","KLF2","TIPIN",5.88454181437634
"1015","RFX1","WHSC1L1",5.88376724378271
"1016","ZNF384","VDAC1",5.88229429021531
"1017","FOS","IRF1",5.88023737369307
"1018","FOXP4","HIST1H2AC",5.87397005536909
"1019","ELK3","GLTSCR2",5.8683357739212
"1020","PRDM1","RPS23",5.86152955480797
"1021","FOXJ3","ABCC10",5.85963879953356
"1022","KLF2","RASA3",5.85767324160708
"1023","TGIF1","PLEKHN1",5.85291097621639
"1024","ETS1","NEAT1",5.85232984078045
"1025","ATF4","EVL",5.85149661917305
"1026","NRF1","EID1",5.84739745356924
"1027","ETS1","EIF3H",5.83154981562671
"1028","DUS3L","ZC4H2",5.822920540618
"1029","FOXO1","TPGS2",5.81802570637873
"1030","FOXO1","ADAT1",5.81342944662601
"1031","SMAD4","P2RY8",5.80167059384287
"1032","CIC","RPL18A",5.79488302272401
"1033","HMGB1","TRAC",5.78865475113032
"1034","NFKB2","PURA",5.78734201639897
"1035","ETV6","CCNI",5.78257424426553
"1036","JUNB","DUSP4",5.77836101232045
"1037","JUND","PTMA",5.77623822213234
"1038","MAZ","PCBP1",5.77395860971526
"1039","ELF1","RPS26",5.77326508162298
"1040","ZBTB49","CST7",5.77043351616346
"1041","EGR1","DUSP1",5.76910397766663
"1042","RUNX3","CST7",5.76810066344121
"1043","ZNF43","TRMT10C",5.75840717437652
"1044","MYBL1","ZNF766",5.75755742345139
"1045","ELK1","UBAP2",5.7517087659122
"1046","FOSB","RPS28",5.75088907914509
"1047","EGR1","DNAJB1",5.74819200807159
"1048","ZNF71","BORCS7",5.7474145851518
"1049","JUND","RPL31",5.74512903314647
"1050","KLF3","SOCS3",5.74253841619417
"1051","STAT1","ETS1",5.73733892126467
"1052","SREBF1","ARPC5",5.73534195382081
"1053","MTA3","GSK3A",5.73526456541199
"1054","NFE2L3","MTPN",5.73427531388255
"1055","ZNF143","TMBIM6",5.73384728292838
"1056","KLF6","HSPA8",5.73111894487409
"1057","TCF12","PLCXD2",5.72964780698606
"1058","ZNF14","PTAR1",5.72901893753312
"1059","BHLHE40","ITGB1",5.72596766520055
"1060","IRF3","MT.CO2",5.7218513123646
"1061","ETS1","JAK1",5.71044303194898
"1062","FOSL2","BTG2",5.70352214487291
"1063","ARNT","TNFRSF18",5.70176720849793
"1064","FOXP1","TMEM2",5.6995425658912
"1065","ERF","OAZ1",5.69918043839334
"1066","NR3C1","TMEM179B",5.69755738516511
"1067","GTF3A","TUT1",5.69732475091494
"1068","STAT4","CDC14A",5.69608987810228
"1069","JUNB","YBX1",5.69275700214671
"1070","JUNB","NAP1L1",5.68919146251874
"1071","PRDM1","PFN1",5.68906661424109
"1072","KLF3","RPS26",5.68703087412272
"1073","RFX1","PATJ",5.68370922741136
"1074","JUND","RPS27",5.68288788430945
"1075","STAT3","PPP1CC",5.67901766707822
"1076","BDP1","FRG1",5.67782402668646
"1077","HMGB1","ACTG1",5.67782004711677
"1078","TFE3","ZNF512",5.670976960917
"1079","FOS","RPL27",5.67021300966656
"1080","ZNF230","ALAD",5.66290543141586
"1081","MAF","VIM",5.66152248801749
"1082","MAFF","KLF2",5.6590240835958
"1083","JUND","CXCR4",5.65896570444895
"1084","ZBTB22","RBPJ",5.65791149580098
"1085","MAFG","GNAI2",5.65747453951917
"1086","IRF1","DNAJB1",5.65682160831576
"1087","RARA","CTB.31O20.2",5.65351314659267
"1088","ZNF740","SORL1",5.65287581151559
"1089","FLI1","ANXA6",5.65111033153238
"1090","JUND","RPL18",5.65059967609128
"1091","JUND","CD53",5.64672687642746
"1092","SP1","BIRC3",5.64671715428692
"1093","ETS1","RPS20",5.6463553209906
"1094","JUND","TMSB10",5.64428549181332
"1095","FOXO4","ANXA4",5.64290416051401
"1096","BACH1","TNFRSF4",5.64085477002609
"1097","TAF7","RPS29",5.6341345411105
"1098","JUNB","CFL1",5.6278966592556
"1099","MAZ","UTRN",5.62774771975022
"1100","JUNB","RPS25",5.62152266180179
"1101","ELK3","EEF1B2",5.62110980679589
"1102","ZBTB49","POU2F1",5.61944158502929
"1103","ZNF675","MVP",5.61754030941551
"1104","ZNF90","RPS23",5.61249080191184
"1105","CBFB","ETS1",5.61121543509258
"1106","DUS3L","CYP4F22",5.60173338698804
"1107","NR3C1","RPL7A",5.59875251587022
"1108","JUNB","RPS27",5.59727904912053
"1109","FOXO1","RPS26",5.59539298491573
"1110","MAFF","FLNA",5.59218840100622
"1111","SRF","MAD2L1",5.58992798088134
"1112","NFE2L3","PMPCB",5.58852060334605
"1113","IRF1","NOP58",5.58739820300088
"1114","TBX21","NEAT1",5.58589603211759
"1115","REL","LTB",5.58303170019414
"1116","ETS1","TCF7",5.58182925508477
"1117","KLF2","NAP1L1",5.58096392776391
"1118","CREM","HLA.C",5.5754224614879
"1119","HMGB1","PTPRC",5.57343414625192
"1120","IRF1","RPS26",5.57179363538922
"1121","REL","IL32",5.5705526181268
"1122","BATF","MT.ND5",5.56713955681747
"1123","STAT1","RBPJ",5.5665574955277
"1124","ELK4","TMEM94",5.56602635168221
"1125","BHLHE40","RPL27A",5.56227788874139
"1126","CEBPB","JUNB",5.55833128575728
"1127","NRF1","IFRD2",5.55816618078917
"1128","ETS1","TPM3",5.55611798703632
"1129","JUNB","TOMM7",5.55156240895589
"1130","ARNT","RGS1",5.55108913217285
"1131","KLF2","PRMT2",5.54317054533994
"1132","ZNF90","EEF2",5.54010509569772
"1133","ETS1","RGCC",5.53759472757073
"1134","CERS5","ITGB1",5.53725427369329
"1135","ZNF90","RPL35A",5.53425088111017
"1136","NFYA","PRR7",5.53388080181708
"1137","ZNF90","RPS13",5.5329066139641
"1138","RELA","RASGEF1B",5.52826900544709
"1139","ARNT","TAPBP",5.52312939967508
"1140","KLF6","ENO1",5.52196481149744
"1141","ZNF90","RPS25",5.52161220928943
"1142","CLOCK","SEC31A",5.51581976004594
"1143","KLF9","PNRC1",5.51431977097868
"1144","ELK3","SPOCK2",5.51271984258713
"1145","BHLHE40","HNRNPA1",5.51050647642245
"1146","JUN","RPS13",5.50978536865476
"1147","FOSL2","TNFAIP3",5.50208948531368
"1148","GFI1","RPLP1",5.49499772654836
"1149","TP53","RNPEP",5.49424715839266
"1150","UBTF","DNAJA1",5.4937159279861
"1151","KLF2","CCL5",5.48668564264204
"1152","FOXP3","PKM",5.4807019204623
"1153","FOXK2","CCL4L2",5.47954080821636
"1154","KLF2","S100A4",5.47832840695439
"1155","ETS1","STAT1",5.47131932467613
"1156","MYC","SOCS3",5.47015506445916
"1157","SATB1","UBE3A",5.46794723985592
"1158","STAT5A","FLJ20021",5.46653441001884
"1159","ETS1","S100A11",5.4650534120675
"1160","JUND","CALM1",5.46409862959888
"1161","TBL1XR1","PMAIP1",5.4640047892733
"1162","ETS1","RPL29",5.46305841848345
"1163","THAP1","HDHD3",5.46118540154317
"1164","ZNF90","FAU",5.45813583737773
"1165","MAF","LINC00342",5.45412641021313
"1166","JUNB","RPL10A",5.45171555806246
"1167","YY1","MT.ATP6",5.4517049515922
"1168","KLF6","S100A10",5.44414319673938
"1169","NFKB1","TAGLN2",5.44058641737849
"1170","MYBL1","PTPN22",5.43284232134699
"1171","IKZF1","FAU",5.43012582749923
"1172","PML","LINC01184",5.42988883351928
"1173","PRDM1","H3F3B",5.42587800635693
"1174","RUNX2","GBP2",5.42522022119978
"1175","JUNB","CDKN1B",5.42415376772449
"1176","RUNX3","CD8A",5.42063140272781
"1177","STAT3","S100A4",5.41839166429781
"1178","FOXP3","RPL31",5.40891779437576
"1179","JUND","RPS6",5.40886398379146
"1180","HMGB1","CD53",5.40877515903353
"1181","FOSB","DUSP2",5.40032823414176
"1182","NFYB","CBFB",5.39728748401756
"1183","KLF6","EEF2",5.39488343320103
"1184","ZNF554","CUTC",5.38790654906342
"1185","NFKB2","MAPK9",5.38787088907477
"1186","BCL6","GRAP",5.38728495336242
"1187","MYC","ANXA2",5.38699339650748
"1188","JUN","ID2",5.38586670512307
"1189","ZNF48","SBDS",5.38312866266927
"1190","JUN","RPS27A",5.37854634013014
"1191","JUNB","TAF4B",5.3772526402768
"1192","HMGB1","PTMA",5.37642837841107
"1193","JUND","VIM",5.37527755790837
"1194","STAT1","RPS19",5.37448134648148
"1195","BCL3","AC104820.2",5.36163596344916
"1196","TBX21","FAM65B",5.36110763782781
"1197","RUNX3","RPS6",5.36108030594281
"1198","NFIC","ZMYND8",5.36033591020426
"1199","ZBTB7B","UBASH3B",5.35883278611462
"1200","STAT1","MT2A",5.35735939657695
"1201","RFX1","NAA10",5.35728764751773
"1202","E2F3","ALG1",5.35650902680902
"1203","TFCP2","TP53I13",5.35576079256327
"1204","RBAK","TMPO",5.35143601606509
"1205","NFE2L3","SNRPE",5.35101389631982
"1206","ZNF71","TCEAL3",5.34810338960997
"1207","CNOT4","KIN",5.34605101638386
"1208","ETS1","PHLDA1",5.34464605819095
"1209","STAT2","RPIA",5.3409289654252
"1210","KLF2","BTF3",5.34062477073226
"1211","EGR1","SLTM",5.3399160010952
"1212","PRDM1","RPS24",5.33287555344044
"1213","CREM","SPOP",5.33240772033563
"1214","HMGB2","RPL32",5.3323607305227
"1215","ATF4","BLMH",5.33164495740446
"1216","JUND","RPL26",5.33021811486735
"1217","STAT5A","RAB11B",5.32349955837057
"1218","RREB1","RNF126",5.32241625145725
"1219","EOMES","IL7R",5.3213729390191
"1220","JUNB","HNRNPC",5.31951322919973
"1221","ETS1","RPL7",5.31916630170993
"1222","JUNB","RPL36AL",5.3190071558247
"1223","TFCP2","DCAF11",5.31687449447906
"1224","HMGB1","PFN1",5.31374568016759
"1225","NFKB2","SLC35A3",5.31225003072266
"1226","RFXAP","CCR7",5.31051470882063
"1227","KLF2","MAF",5.30890638985016
"1228","PRDM1","IDS",5.30631454398716
"1229","ZNF90","RPS17",5.30624025652349
"1230","GTF3A","GAPDH",5.30332038160995
"1231","NFKB1","EIF2B2",5.30052694135224
"1232","NR1D1","WHSC1L1",5.30050252630534
"1233","CEBPD","BIRC6",5.29567708127648
"1234","ELF1","H3F3B",5.29005041638503
"1235","IKZF1","EEF1A1",5.28967313354537
"1236","FOXJ3","SRA1",5.28893859226767
"1237","PURA","NFKB2",5.28358002839799
"1238","ATF3","MT2A",5.27895402316918
"1239","ETS1","ARPC2",5.2768723448338
"1240","RREB1","SLC41A3",5.2763287312684
"1241","NFYA","SHISA5",5.27471889263277
"1242","JUNB","MYH9",5.27295128231758
"1243","HMGB2","RPS28",5.26868604487607
"1244","KDM5A","PTPN22",5.26564862115029
"1245","GFI1","UBE2K",5.26501894834485
"1246","JUND","RPS15",5.26320794289607
"1247","SP1","FAM215B",5.26307203295043
"1248","FOSB","RPS3",5.26296969222371
"1249","ZNF90","RPS27A",5.26176469693876
"1250","ETS1","SELL",5.26157085236863
"1251","RELB","TNFRSF4",5.26156250840542
"1252","JUNB","ANXA1",5.25916949886282
"1253","RBPJ","STAT1",5.25116584423955
"1254","RBBP5","SDHAF2",5.25053673787143
"1255","RUNX3","BAZ2B",5.24816886796785
"1256","JUN","RPS28",5.2456118541227
"1257","CNOT4","OPA3",5.24553374578027
"1258","REL","PFN1",5.24286756437043
"1259","PRDM1","NEAT1",5.23977935996869
"1260","ETS1","PGK1",5.23729589912589
"1261","SF1","RPL4",5.23225135836986
"1262","RUNX3","TRGC2",5.23153971459186
"1263","JUN","RPS19",5.2301696065414
"1264","IRF1","ANKS3",5.22638000788064
"1265","JUN","S100A4",5.22573577671295
"1266","GABPA","CCR5",5.22327449379198
"1267","PRDM1","ACTG1",5.22157936060724
"1268","ZNF43","CAPRIN2",5.22102889183183
"1269","FOS","PNRC1",5.21238322783869
"1270","KLF2","PPP1CB",5.21041750725227
"1271","ZNF90","RPS3",5.20969486129512
"1272","KLF6","PLP2",5.2035108936359
"1273","KLF6","MTMR9",5.20228204993579
"1274","GABPB1","FBRS",5.2017769812549
"1275","ETS1","SUB1",5.19991825683426
"1276","ELF1","COPS3",5.19771194793468
"1277","KLF2","ENO1",5.19313769137459
"1278","HSF1","AUP1",5.19275544601698
"1279","FOS","SLC2A3",5.19118859902076
"1280","EOMES","RPS6",5.18397825376086
"1281","HMGB1","HLA.C",5.18224784358693
"1282","ZNF90","CD244",5.18050801996485
"1283","RARA","NDFIP2",5.18012159834392
"1284","JUNB","MT.ATP8",5.17944425229125
"1285","KLF2","RPL26",5.17650671715082
"1286","HMGB2","LINC00426",5.17600244648323
"1287","FOXP3","CCL22",5.17582067013405
"1288","BCL3","HNRNPK",5.17495439648226
"1289","HSF1","PHF20L1",5.1687442930647
"1290","MIOS","ELMSAN1",5.16479191069846
"1291","ZNF90","RPS24",5.16378714685882
"1292","ETS1","LEPROTL1",5.15739611094371
"1293","IKZF1","AKAP8L",5.15469541517641
"1294","ZNF230","TAP1",5.15347874795056
"1295","TFCP2","DAG1",5.15218230241447
"1296","KLF2","RPL7",5.14655208290489
"1297","SMARCC2","CRIP2",5.14611378305834
"1298","CLOCK","PRKCD",5.14552922537941
"1299","RARA","TAGLN2",5.14425904973015
"1300","PRDM1","VIM",5.14294648987917
"1301","ZNF554","PRKRIP1",5.14230545499478
"1302","IRF2","EID1",5.14223815997851
"1303","ZNF90","RPS19",5.14201021856744
"1304","FOSB","MCL1",5.13723154833903
"1305","FOXP3","C19ORF48",5.12851724178282
"1306","JUNB","PSME1",5.12830708272362
"1307","STAT4","R3HCC1",5.12806677524661
"1308","ZNF677","TOMM7",5.11887876095565
"1309","TBL1XR1","MTRNR2L1",5.11728596525166
"1310","SRF","DOT1L",5.11272679054442
"1311","FOXP1","APC",5.11194857428902
"1312","KLF6","RPS9",5.11186837501439
"1313","KLF11","NEK9",5.10496400997365
"1314","ATF2","RC3H2",5.10199602474844
"1315","JUND","RPL4",5.101325615891
"1316","E2F3","LINC00998",5.09983774882312
"1317","ETS2","KAT2A",5.0992359479516
"1318","CNOT3","SNRPA",5.09919840858446
"1319","ETS1","CBFB",5.09849083916577
"1320","MAZ","EIF4A3",5.09680498240762
"1321","RELA","CDKN1B",5.09530812631876
"1322","FOS","PTMA",5.09500276928856
"1323","JUNB","RPL14",5.09005560771418
"1324","FOXP3","SLC41A1",5.08749587398935
"1325","KLF6","TPM3",5.08596432433945
"1326","GTF3A","ZDHHC3",5.08582777123575
"1327","ARID3A","EEFSEC",5.08502857295079
"1328","ETS1","RPL35",5.08315181005907
"1329","LEF1","HSPD1",5.07345041133848
"1330","FOSB","ZFP36L2",5.0713800507031
"1331","ZFP64","LUZP1",5.07006291473931
"1332","PRDM1","RPL15",5.0681867085226
"1333","MAF","S100A11",5.0672107175061
"1334","PML","ARHGEF1",5.06439612215825
"1335","CREB3L4","KXD1",5.06314023755444
"1336","JUNB","SYNE2",5.06303490240386
"1337","HMGB1","RPL26",5.0594764539003
"1338","RARA","SPOP",5.055232944578
"1339","KLF6","MYL6",5.05087880814131
"1340","KLF6","S100A11",5.04911861258097
"1341","ATF6","LAMTOR4",5.04742891522729
"1342","CREM","BTG2",5.04664758741728
"1343","MAF","TNFRSF1B",5.04544503064983
"1344","ZNF90","RPS14",5.04525433560021
"1345","JUND","BTG2",5.04297531581753
"1346","CREM","SELL",5.04069603502322
"1347","ZNF121","PMEPA1",5.035530087937
"1348","SMARCC2","CD8A",5.03534333921848
"1349","ZNF90","RPS29",5.03506133190389
"1350","EZH2","PHF6",5.02926290955236
"1351","SMAD4","LITAF",5.02853525266909
"1352","GFI1","RPS9",5.02388045188248
"1353","XBP1","ZFAND1",5.01439256736159
"1354","CCNT2","TXN",5.01429900951841
"1355","RAD21","CTC1",5.01415228078103
"1356","TRIM28","TSC22D3",5.01369069598872
"1357","E4F1","TSTA3",5.01231313636794
"1358","RUNX3","RPSA",5.01124638191417
"1359","STAT4","GTPBP4",5.01003735926396
"1360","PRDM1","TRBC2",5.00684532672689
"1361","BACH1","IRF1",5.0009240902769
